DBN,Program,Site/School Name,HSE Prep Code,Location Code,Building Code,SED Code,Building Ownership,St Address,Borough,Zip Code,Police Precinct,CSD,Business Phone,Assistant Principal,AP Email,Principal,Principal Email,New for SY 25-26,Days of Operation,Start Time,End Time,Host School,Level,Has PM Program,,
88X966,Alternate Learning Centers,ALC - Bronx Educational Center,,X966,X988,800000059937,Tax Levy Lease,1231 Lafayette Ave,Bronx,10474,41,8,718-617-8830,Anila Mersini,AMersini2@schools.nyc.gov,Vincent Digaetano,vdigaetano@schools.nyc.gov,,"M, T, W, Th, F",8:00 AM,3:50 PM,,HS,,,
88X994,Alternate Learning Centers,ALC - Crotona Academy ,,X994,X358,,Tax Levy Lease,1211 Southern Blvd ,Bronx,10459,42,12,718-860-5370,Marla Aviles-Lopez,Maviles4@schools.nyc.gov,Vincent Digaetano,vdigaetano@schools.nyc.gov,,"M, T, W, Th, F",8:00 AM,3:50 PM,,MS/HS,,,
88X607,Alternate Learning Centers,ALC - Lafayette Academy,,X607,XAJF,320800100004,Non-DOE Owned,1201 Lafayette Ave,Bronx,10474,41,8,718-991-1072,Stefania Zivan Skintej,SZivan@schools.nyc.gov,Vincent Digaetano,vdigaetano@schools.nyc.gov,,"M, T, W, Th, F",8:00 AM,3:50 PM,,MS,,,
88X996,Alternate Learning Centers,ALC - Stevenson Campus,,X996,X450,,DOE Owned,1980 Lafayette Ave,Bronx,10473,43,8,718-239-7510,Victoria James,VJames4@schools.nyc.gov,Vincent Digaetano,vdigaetano@schools.nyc.gov,,"M, T, W, Th, F",8:00 AM,3:50 PM,,HS,,,
88K982,Alternate Learning Centers,ALC - Albany Ave,,K982,K883,800000089889,Tax Levy Lease,281 Albany Ave,Brooklyn,11213,77,17,718-778-6904/6909,Nicole Quainoo,nquainoo@schools.nyc.gov,Nicole Quainoo,nquainoo@schools.nyc.gov,,"M, T, W, Th, F",8:00 AM,3:50 PM,,HS,,,
88K984,Alternate Learning Centers,ALC - Brighton Beach Academy,,K984,K620,,DOE Owned,25 Brighton 4th Rd,Brooklyn,11235,60,21,718-648-2014/2127,Shaunte Sebastion,ssebastion@schools.nyc.gov,Nicole Quainoo,nquainoo@schools.nyc.gov,,"M, T, W, Th, F",8:00 AM,3:50 PM,,HS,,,
88K992,Alternate Learning Centers,ALC - Brooklyn Choices,,K992,K799,,Tax Levy Lease,271 Melrose St,Brooklyn,11206,83,32,718-821-5484,Juan Santiago,jsantiago7@schools.nyc.gov,Robert Antoine,rantoin@schools.nyc.gov,,"M, T, W, Th, F",8:00 AM,3:50 PM,,MS,,,
88K988,Alternate Learning Centers,ALC - Fundamentals Academy,,K988,K258 ,800000073095,DOE Owned,141 Macon St,Brooklyn,11216,79,13,929-432-1072,Angela Hunte-Gassaway,AHunte@schools.nyc.gov,Robert Antoine,rantoin@schools.nyc.gov,,"M, T, W, Th, F",8:00 AM,3:50 PM,,HS,,,
88K987,Alternate Learning Centers,ALC - John Jay HS,,K987,K460,,DOE Owned,237 7th Ave,Brooklyn,11215,78,15,718-832-4283,Clifford Ifeoluwa Clifford,IClifford@schools.nyc.gov,Robert Antoine,rantoin@schools.nyc.gov,,"M, T, W, Th, F",8:00 AM,3:50 PM,,HS,,,
88K607,Alternate Learning Centers,ALC - Melrose Academy,,K607,K799,800000057598,Tax Levy Lease,271 Melrose St,Brooklyn,11206,83,32,718-821-5484,Dawn Crowe,dcrowe@schools.nyc.gov,Robert Antoine,rantoin@schools.nyc.gov,,"M, T, W, Th, F",8:00 AM,3:50 PM,,HS,,,
88K952,Alternate Learning Centers,ALC - Park Place Academy,,K952,K258,,DOE Owned,141 Macon St,Brooklyn,11216,79,13,929-432-1072,Mitchell Sarrazin Greggs,MSarrazin3@schools.nyc.gov,Robert Antoine,rantoin@schools.nyc.gov,,"M, T, W, Th, F",8:00 AM,3:50 PM,,MS,,,
88K991,Alternate Learning Centers,ALC - Prospect Place,,K991,K867,800000070126,DOE Owned,960 Prospect Pl,Brooklyn,11213,67,17,718-778-5891,Naria Massiah Murphy,nmassia@schools.nyc.gov,Nicole Quainoo,nquainoo@schools.nyc.gov,,"M, T, W, Th, F",8:00 AM,3:50 PM,,MS,,,
88M982,Alternate Learning Centers,ALC - Battery Park,,M982,M913,800000076615,Tax Levy Lease,50 Broadway,Manhattan,10004,1,2,212-701-9495,Sauda Anderson,SAnderson39@schools.nyc.gov,TDB,TDB,,"M, T, W, Th, F",8:00 AM,3:50 PM,,HS,,,
88M992,Alternate Learning Centers,ALC - Choir Academy,,M992,M501,800000081323,DOE Owned,2005 Madison Ave,Manhattan,10035,25,5,212-410-6189 x5045,Rosalyn Childs,rchilds@schools.nyc.gov,TDB,TDB,,"M, T, W, Th, F",8:00 AM,3:50 PM,,MS,,,
88M994,Alternate Learning Centers,ALC - Cloisters ,,M994,M233,,Tax Levy Lease,601 West 183rd St,Manhattan,10033,34,6,212-568-3748,Lesia Wills Johnston,lwillsjohnston@schools.nyc.gov,TDB,TDB,,"M, T, W, Th, F",8:00 AM,3:50 PM,,HS,,,
88M971,Alternate Learning Centers,ALC - Washington Heights,,M971,M233,800000081385,Tax Levy Lease,601 West 183rd St,Manhattan,10033,34,6,212-923-0970,Yvonne El Amin,yelamin@schools.nyc.gov,TDB,TDB,,"M, T, W, Th, F",8:00 AM,3:50 PM,,MS,,,
88Q995,Alternate Learning Centers,ALC - August Martin HS,,Q995,Q400,,DOE Owned,156-10 Baisley Blvd,Queens,11434,113,27,718-525-1801 x4760,Laura Marquez,lmarquez2@schools.nyc.gov,Anesh Ghoram,aghoram@schools.nyc.gov,,"M, T, W, Th, F",8:00 AM,3:50 PM,,HS,,,
88Q996,Alternate Learning Centers,ALC - Beach Channel Educational Campus,,Q996,Q410,,DOE Owned,100-00 Beach Channel Dr,Queens,11694,100,27,718-734-3215,San Miah,smiah@schools.nyc.gov,Anesh Ghoram,aghoram@schools.nyc.gov,,"M, T, W, Th, F",8:00 AM,3:50 PM,,MS,,,
88Q987,Alternate Learning Centers,ALC - Jamaica Academy,,Q987,Q883,,Tax Levy Lease,90-40 150th St,Queens,11435,103,28,718-526-0670 x279,Lakiba Richmond,lrichmo3@schools.nyc.gov,Anesh Ghoram,aghoram@schools.nyc.gov,,"M, T, W, Th, F",8:00 AM,3:50 PM,,MS,,,
88Q985,Alternate Learning Centers,ALC - Linden Academy,,Q985,Q859,800000073113,DOE Owned,30-48 Linden Pl,Queens,11354,109,25,718-281-7543,Ines Loveras,ILovera@schools.nyc.gov,Anesh Ghoram,aghoram@schools.nyc.gov,,"M, T, W, Th, F",8:00 AM,3:50 PM,,HS,,,
88Q975,Alternate Learning Centers,ALC - Royal 180 Academy,,Q975,Q883,,Tax Levy Lease,90-40 150th St,Queens,11435,103,28,718-526-0670 x312,Thadia Louis,TLouis@schools.nyc.gov,Anesh Ghoram,aghoram@schools.nyc.gov,,"M, T, W, Th, F",8:00 AM,3:50 PM,,MS,,,
88R991,Alternate Learning Centers,ALC - Restore Academy,,R991,R025,,DOE Owned,4210 Arthur Kill Rd,Staten Island,10309,122,31,,Frank Kraljic,fkralji@schools.nyc.gov,Nicole Quainoo,nquainoo@schools.nyc.gov,,"M, T, W, Th, F",8:00 AM,3:50 PM,,MS,,,
88R971,Alternate Learning Centers,ALC - St. Marks Place,,R971,R801,800000075414,Tax Levy Lease,450 St Marks Pl,Staten Island,10301,120,31,718-273-3225,Peter Garcia,pgarcia4@schools.nyc.gov,Nicole Quainoo,nquainoo@schools.nyc.gov,,"M, T, W, Th, F",8:00 AM,3:50 PM,,HS,,,
79M645,Coop Tech,Coop Tech @ Longwood Educational Campus,,M645,X039,800000081768,DOE Owned,965 Longwood Ave,Bronx,10459,41,8,718 589-2531  x5092,Carolyn Peterson,CPeters12@schools.nyc.gov,Corey Prober,cprober@schools.nyc.gov,,"M, T, W, Th, F",8:15 AM,3:05 PM,,CTE,,,
79M645,Coop Tech,Coop Tech @ Canarsie Campus,,M645,K500,,DOE Owned,1600 Rockaway Pkwy,Brooklyn,11236,69,18,,Sarah Benstraum,SBenstraum@schools.nyc.gov,Corey Prober,cprober@schools.nyc.gov,,"M, T, W, Th, F",8:15 AM,3:05 PM,,CTE,,,
79M645,Coop Tech,Cooperative Technical HS (Coop Tech),,M645,M646,800000091614,DOE Owned,321 East 96th St,Manhattan,10128,23,4,212-369-8800,"Benstraum, Crowe, Gathers, Peterson",SBenstraum@schools.nyc.gov,Corey Prober,cprober@schools.nyc.gov,,"M, T, W, Th, F",8:15 AM,3:05 PM,,CTE,,,
79M645,Coop Tech,Coop Tech @ Long Island City HS,,M645,Q452,,DOE Owned,1430 Broadway,Queens,11106,114,30,347-436-2776,Alrick Crowe,ACrowe@schools.nyc.gov,Corey Prober,cprober@schools.nyc.gov,,"M, T, W, Th, F",7:30 AM,2:20 PM,,CTE,,,
79M645,Coop Tech,Coop Tech @ Queens Transition Center,,M645,Q142,,DOE Owned,142-10 Linden Blvd,Queens,11436,113,28,718-322-3500,Alrick Crowe,ACrowe@schools.nyc.gov,Corey Prober,cprober@schools.nyc.gov,,"M, T, W, Th, F",8:15 AM,3:05 PM,,CTE,,,
79M645,Coop Tech,Coop Tech @ Concord HS,,M645,R470,,DOE Owned,109 Rhine Ave,Staten Island,10314,120,31,,Alrick Crowe,ACrowe@schools.nyc.gov,Corey Prober,cprober@schools.nyc.gov,,"M, T, W, Th, F",8:15 AM,3:05 PM,,CTE,,,
79Q344,East River Academy,ERA @ GRVC,25024,Q344,QARR,800000069741,Non-DOE Owned,09-09 Hazen St,Queens,11370,72,7,718-546-4651,Josephine Ramage,jramage@schools.nyc.gov,Tonya Threadgill,tthread@schools.nyc.gov,,"M, T, W, Th, F",8:53 AM,3:43 PM,,HS/HSE,,,
79Q344,East River Academy,ERA @ NIC,23803,Q344,QARS,,Non-DOE Owned,14-14 Hazen St,Queens,11370,72,7,718-840-1900,Freebie Rivera,frivera9@schools.nyc.gov,Tonya Threadgill,tthread@schools.nyc.gov,,"Tu, W, Th",5:40 PM,9:00 PM,,HSE-Adlt Ed.,Y,,
79Q344,East River Academy,ERA @ RESH,,Q344,Q902,,Non-DOE Owned,19-19 Hazen St,Queens,11370,72,7,,,,Tonya Threadgill,tthread@schools.nyc.gov,,"M, T, W, Th, F",8:53 AM,3:43 PM,,HSE-Adlt Ed.,,,
79Q344,East River Academy,ERA @ RMSC,25017,Q344,Q902,342400950004,Non-DOE Owned,19-19 Hazen St,Queens,11370,114,7,718-546-7857,Josephine Ramage,jramage@schools.nyc.gov,Tonya Threadgill,tthread@schools.nyc.gov,,"M, T, W, Th, F",8:00 AM,2:50 PM,,HS/HSE,,,
79Q344,East River Academy,ERA @ RNDC - Main/Annex,25013,Q344,Q901,800000069731,Non-DOE Owned,11-11 Hazen St,Queens,11370,114,7,718-626-7835,Shomar Burroughs,sburroughs2@schools.nyc.gov,Tonya Threadgill,tthread@schools.nyc.gov,,"M, T, W, Th, F",8:00 AM,2:50 PM,,HS/HSE,,,
79M984,LYFE Program,LYFE @ Bronx Regional HS,,M984,X401,,DOE Owned,1010 Reverend James A. Polite Ave,Bronx,10459,41,12,718-378-0405,Jodi Kaltner ,jkaltner@schools.nyc.gov,James Williams,JWilliams6@schools.nyc.gov,,"M, T, W, Th, F",8:30 AM,3:20 PM,,ECE,,,
79M984,LYFE Program,LYFE @ DeWitt Clinton HS,,M984,X440,,DOE Owned,100 West Mosholu Pkwy South,Bronx,10468,52,10,718-543-1000,Jodi Kaltner ,jkaltner@schools.nyc.gov,James Williams,JWilliams6@schools.nyc.gov,,"M, T, W, Th, F",8:30 AM,3:20 PM,,ECE,,,
79M984,LYFE Program,LYFE @ James Monroe Educational Campus,,M984,X420,800000084345,DOE Owned,1300 Boynton Ave,Bronx,10472,43,12,718-860-8101,Jodi Kaltner ,jkaltner@schools.nyc.gov,James Williams,JWilliams6@schools.nyc.gov,,"M, T, W, Th, F",8:30 AM,3:20 PM,,ECE,,,
79M984,LYFE Program,LYFE @ South Bronx Educational Campus,,M984,X470,,DOE Owned,701 St. Ann's Ave,Bronx,10455,40,7,718-292-0578 x450,Jodi Kaltner ,jkaltner@schools.nyc.gov,James Williams,JWilliams6@schools.nyc.gov,,"M, T, W, Th, F",8:30 AM,3:20 PM,,ECE,,,
79M984,LYFE Program,LYFE @ William Howard Taft Educational Campus,,M984,X410,800000078579,DOE Owned,240 East 172nd St,Bronx,10457,44,9,718-410-4060,Jodi Kaltner ,jkaltner@schools.nyc.gov,James Williams,JWilliams6@schools.nyc.gov,,"M, T, W, Th, F",8:30 AM,3:20 PM,,ECE,,,
79M984,LYFE Program,LYFE @ Bedford Stuyvesant Complex ,,M984,K458,,DOE Owned,832 Marcy Ave,Brooklyn,11216,79,13,718-622-4310 x626,Evelyn Melgar,EMelgar@schools.nyc.gov,James Williams,JWilliams6@schools.nyc.gov,,"M, T, W, Th, F",8:30 AM,3:20 PM,,ECE,,,
79M984,LYFE Program,LYFE @ Franklin K. Lane Educational Campus,,M984,K420,,DOE Owned,999 Jamaica Ave,Brooklyn,11208,75,19,718-647-2100 x8420,David Francois,dfrancois4@schools.nyc.gov,James Williams,JWilliams6@schools.nyc.gov,,"M, T, W, Th, F",8:30 AM,3:20 PM,,ECE,,,
79M984,LYFE Program,LYFE @ Grand St Educational Campus,,M984,K450,,DOE Owned,850 Grand St,Brooklyn,11211,90,14,718-387-2800 x568,David Francois,dfrancois4@schools.nyc.gov,James Williams,JWilliams6@schools.nyc.gov,,"M, T, W, Th, F",8:30 AM,3:20 PM,,ECE,,,
79M984,LYFE Program,LYFE @ High School of Telecommunication Arts and Technology,,M984,K485,,DOE Owned,350 67th St,Brooklyn,11220,68,20,718-759-3485,Evelyn Melgar,EMelgar@schools.nyc.gov,James Williams,JWilliams6@schools.nyc.gov,,"M, T, W, Th, F",8:30 AM,3:20 PM,,ECE,,,
79M984,LYFE Program,LYFE @ Pathways to Graduation Downtown Brooklyn ,,M984,K871,,Tax Levy Lease,67-69 Schermerhorn St,Brooklyn,11201,84,15,718-935-9481,Evelyn Melgar,EMelgar@schools.nyc.gov,James Williams,JWilliams6@schools.nyc.gov,,"M, T, W, Th, F",8:30 AM,3:20 PM,,ECE,,,
79M984,LYFE Program,LYFE @ Prospect Heights Educational Campus,,M984,K440,,DOE Owned,883 Classon Ave,Brooklyn,11225,71,17,718-230-6250 x1711,Evelyn Melgar,EMelgar@schools.nyc.gov,James Williams,JWilliams6@schools.nyc.gov,,"M, T, W, Th, F",8:30 AM,3:20 PM,,ECE,,,
79M984,LYFE Program,LYFE @ Thomas Jefferson Educational Campus ,,M984,K435,,DOE Owned,400 Pennsylvania Ave,Brooklyn,11207,75,19,718-922-0762 x136,David Francois,dfrancois4@schools.nyc.gov,James Williams,JWilliams6@schools.nyc.gov,,"M, T, W, Th, F",8:30 AM,3:20 PM,,ECE,,,
79M984,LYFE Program,LYFE @ William H. Maxwell HS,,M984,K660,,DOE Owned,145 Pennsylvania Ave,Brooklyn,11207,75,19,718-345-9100 x1061,David Francois,dfrancois4@schools.nyc.gov,James Williams,JWilliams6@schools.nyc.gov,,"M, T, W, Th, F",8:30 AM,3:20 PM,,ECE,,,
79M984,LYFE Program,LYFE @ Brandeis HS,,M984,M470,,DOE Owned,145 West 84th St,Manhattan,10024,20,3,917-877-1959,Mirva Jeanpharuns,mjeanph@schools.nyc.gov,James Williams,JWilliams6@schools.nyc.gov,,"M, T, W, Th, F",8:30 AM,3:20 PM,,ECE,,,
79M984,LYFE Program,LYFE @ City as School,,M984,M641,,DOE Owned,16 Clarkson St,Manhattan,10025,6,2,212-337-6800,Mirva Jeanpharuns,mjeanph@schools.nyc.gov,James Williams,JWilliams6@schools.nyc.gov,,"M, T, W, Th, F",8:30 AM,3:20 PM,,ECE,,,
79M984,LYFE Program,LYFE @ Harlem Renaissance HS,,M984,M911,,DOE Owned,22 East 128th St,Manhattan,10035,25,5,212-722-5474,Mirva Jeanpharuns,mjeanph@schools.nyc.gov,James Williams,JWilliams6@schools.nyc.gov,,"M, T, W, Th, F",8:30 AM,3:20 PM,,ECE,,,
79M984,LYFE Program,LYFE @ Independence HS,,M984,M834,,Tax Levy Lease,850 10th Ave,Manhattan,10019,18,2,212-957-1660 x174,Mirva Jeanpharuns,mjeanph@schools.nyc.gov,James Williams,JWilliams6@schools.nyc.gov,,"M, T, W, Th, F",8:30 AM,3:20 PM,,ECE,,,
79M984,LYFE Program,LYFE @ Jeffrey C. Tenzer,,M984,M510,,DOE Owned,198 Forsyth St,Manhattan,10002,5,1,212-673-8254,Mirva Jeanpharuns,mjeanph@schools.nyc.gov,James Williams,JWilliams6@schools.nyc.gov,,"M, T, W, Th, F",8:30 AM,3:20 PM,,ECE,,,
79M984,LYFE Program,LYFE @ Julia Richman Educational Complex,,M984,M480,,DOE Owned,317 East 67th St,Manhattan,10021,19,2,212-717-2391,Mirva Jeanpharuns,mjeanph@schools.nyc.gov,James Williams,JWilliams6@schools.nyc.gov,,"M, T, W, Th, F",8:30 AM,3:20 PM,,ECE,,,
79M984,LYFE Program,LYFE @ Mid-Manhattan Adult Learning Center,,M984,M081,,DOE Owned,212 West 120th St,Manhattan,10027,28,3,,Mirva Jeanpharuns,mjeanph@schools.nyc.gov,James Williams,JWilliams6@schools.nyc.gov,,"M, T, W, Th, F",8:30 AM,3:20 PM,,ECE,,,
79M984,LYFE Program,LYFE @ Young Women's Leadership HS,,M984,M506,,DOE Owned,140 West 102nd St,Manhattan,10025,24,3,212-678-7337,Mirva Jeanpharuns,mjeanph@schools.nyc.gov,James Williams,JWilliams6@schools.nyc.gov,,"M, T, W, Th, F",8:30 AM,3:20 PM,,ECE,,,
79M984,LYFE Program,LYFE @ Beach Channel Educational Campus,,M984,Q410,800000084143,DOE Owned,100-00 Beach Channel Dr,Queens,11694,100,27,718-734-3300,Evelyn Melgar,EMelgar@schools.nyc.gov,James Williams,JWilliams6@schools.nyc.gov,,"M, T, W, Th, F",8:30 AM,3:20 PM,,ECE,,,
79M984,LYFE Program,LYFE @ Far Rockaway Educational Campus,,M984,Q465,800000084258,DOE Owned,821 Bay 25th St,Queens,11691,101,27,718-327-6000 x190,David Francois,dfrancois4@schools.nyc.gov,James Williams,JWilliams6@schools.nyc.gov,,"M, T, W, Th, F",8:30 AM,3:20 PM,,ECE,,,
79M984,LYFE Program,LYFE @ Hillcrest HS,,M984,Q505,,DOE Owned,160-05 Highland Ave,Queens,11432,107,28,718-658-5407 x3324,David Francois,dfrancois4@schools.nyc.gov,James Williams,JWilliams6@schools.nyc.gov,,"M, T, W, Th, F",8:30 AM,3:20 PM,,ECE,,,
79M984,LYFE Program,LYFE @ Long Island City HS,,M984,Q452,,DOE Owned,14-30 Broadway,Queens,11106,114,30,718-545-7095 x3458,Evelyn Melgar,EMelgar@schools.nyc.gov,James Williams,JWilliams6@schools.nyc.gov,,"M, T, W, Th, F",8:30 AM,3:20 PM,,ECE,,,
79M984,LYFE Program,LYFE @ Springfield Gardens Educational Campus,,M984,Q420,,DOE Owned,143-10 Springfield Blvd,Queens,11413,113,29,718-949-8405 x257,David Francois,dfrancois4@schools.nyc.gov,James Williams,JWilliams6@schools.nyc.gov,,"M, T, W, Th, F",8:30 AM,3:20 PM,,ECE,,,
79M984,LYFE Program,LYFE @ Port Richmond HS,,M984,R445,,DOE Owned,85 St. Joseph's Ave,Staten Island,10302,120,31,718-815-8727,Evelyn Melgar,EMelgar@schools.nyc.gov,James Williams,JWilliams6@schools.nyc.gov,,"M, T, W, Th, F",8:30 AM,3:20 PM,,ECE,,,
79X695,Passages Academy,Passages Academy @ Bronx Hope,25003,X695,X824,800000082666,Tax Levy Lease,108 W. 174th St,Bronx,10453,46,9,718-294-4832,Brendan Daly,BDaly3@schools.nyc.gov,Shareef Rashid,srashid@schools.nyc.gov,,"M, T, W, Th, F",8:20 AM,3:17 PM,,MS/HS/HSE,,,
79X695,Passages Academy,Passages Academy @ Horizons - Secure Juvenile Detention Center,25003,X695,X991,320800892504,Non-DOE Owned,560 Brook Ave,Bronx,10455,40,7,718-401-3053,Allison Trevaskis,Atrevaskis@schools.nyc.gov,Shareef Rashid,srashid@schools.nyc.gov,,"M, T, W, Th, F",8:20 AM,3:17 PM,,MS/HS/HSE,,,
79X695,Passages Academy,Passages Academy @ Belmont,25003,X695,K932,800000076434,DOE Owned,619 Belmont Ave,Brooklyn,11207,75,19,718-647-1800,Chrystal Wright,CWright38@schools.nyc.gov,Ronald Carter,rcarter3@schools.nyc.gov,,"M, T, W, Th, F",8:20 AM,3:17 PM,,MS/HS/HSE,,,
79X695,Passages Academy,Passages Academy @ Crossroads - Secure Juvenile Detention Center,25003,X695,K993,332300950003,DOE Owned,17 Bristol St,Brooklyn,11212,73,23,718-240-3824,Patrick Dorfer,PDorfer@schools.nyc.gov,Ronald Carter,rcarter3@schools.nyc.gov,,"M, T, W, Th, F",8:20 AM,3:17 PM,,MS/HS/HSE,,,
79X695,Passages Academy,Passages Academy LSP @ Dobbs Ferry,25003,X695,OBGB,,Non-DOE Owned,1 Echo Hills Dr,NA,10522,,,914-693-0600 x1998,Carolyn Rudder,CRudder2@schools.nyc.gov,Shareef Rashid,srashid@schools.nyc.gov,,"M, T, W, Th, F",8:20 AM,3:17 PM,,MS/HS/HSE,,,
79X695,Passages Academy,Passages Academy LSP @ South Ozone Park,25003,X695,QBMM,,Non-DOE Owned,133-23 127th St,Queens,11420,106,27,646-927-1223,Carolyn Rudder,CRudder2@schools.nyc.gov,Ronald Carter,rcarter3@schools.nyc.gov,,"M, T, W, Th, F",8:20 AM,3:17 PM,,MS/HS/HSE,,,
79X695,Passages Academy,Passages Acdemy @ Staten Island LSP,25003,X695,RAID,,Non-DOE Owned,1133 Forest Hill Rd,Staten Island,10314,120,31,,,,Ronald Carter,rcarter3@schools.nyc.gov,,"M, T, W, Th, F",8:20 AM,3:17 PM,,MS/HS/HSE,,,
79Q950,Pathways to Graduation,P2G @ Adlai E. Stevenson HS,28180,Q950,X450,800000065853,DOE Owned,1980 Lafayette Ave,Bronx,10473,43,8,718-794-7066,Troy Lumpkin,TLumpkin2@schools.nyc.gov,Suri Singh,ssingh6@schools.nyc.gov,,"M, T, W, Th, F",8:00 AM,2:50 PM,,HSE,,,
79Q950,Pathways to Graduation,P2G @ Bronx Regional,27095,Q950,X401,800000058728,DOE Owned,1010 Reverend James A. Polite Ave,Bronx,10459,41,12,718-842-9200,Camille Rodriguez,CRodriguez39@schools.nyc.gov,Suri Singh,ssingh6@schools.nyc.gov,,"M, T, W, Th, F",8:00 AM,6:00 PM,,HSE,Y,,
79Q950,Pathways to Graduation,P2G @ Davidson Ave,25154,Q950,X980,800000069571,Tax Levy Lease,1732 Davidson Ave,Bronx,10453,46,9,718-299-5926,Michelle Guzman,mguzman15@schools.nyc.gov,Suri Singh,ssingh6@schools.nyc.gov,,"M, T, W, Th, F",8:00 AM,2:50 PM,,HSE,,,
79Q950,Pathways to Graduation,P2G @ DeWitt Clinton HS,25155,Q950,X440,800000071179,DOE Owned,100 West Mosholu Pkwy South,Bronx,10468,52,10,718-543-1000 x2982,Sophy Aponte,SAponte@schools.nyc.gov,Suri Singh,ssingh6@schools.nyc.gov,,"M, T, W, Th, F",8:00 AM,2:50 PM,,HSE,,,
79Q950,Pathways to Graduation,P2G @ Future Now @ Bronx CC ,29027,Q950,XATD,800000058806,Non-DOE Owned,"2155 University Ave, Gould Residence Hall, Rm 512",Bronx,10453,52,10,718-289-5852,Michelle Guzman,mguzman15@schools.nyc.gov,Suri Singh,ssingh6@schools.nyc.gov,,"M, T, W, Th, F",8:00 AM,2:50 PM,,HSE,,,
79Q950,Pathways to Graduation,P2G @ Mary Mitchell Family & Children's Center,28162,Q950,X989,800000058828,DOE Owned,2007 Mapes Ave,Bronx,10460,66,12,718-583-1765,Sophy Aponte,SAponte@schools.nyc.gov,Suri Singh,ssingh6@schools.nyc.gov,,"M, T, W, Th, F",8:00 AM,2:50 PM,,HSE,,,
79Q950,Pathways to Graduation,P2G @ Rappaport,,Q950,X155,,DOE Owned,470 Jackson Av,Bronx,10455,,,,Troy Lumpkin,TLumpkin2@schools.nyc.gov,Suri Singh,ssingh6@schools.nyc.gov,Y,"M, T, W, Th, F",8:00 AM,2:50 PM,,HSE,,,
79Q950,Pathways to Graduation,P2G @ The Bronx Youth Center,25028,Q950,XCKZ,800000088704,Non-DOE Owned,2999 Third Ave,Bronx,10455,40,7,,Troy Lumpkin,TLumpkin2@schools.nyc.gov,Suri Singh,ssingh6@schools.nyc.gov,,"M, T, W, Th, F",8:00 AM,2:50 PM,,HSE,,,
79Q950,Pathways to Graduation,"P2G @ Alpha School - Center for Progressive Living, Inc.",28005,Q950,K428,800000058741,Non-DOE Owned,2400 Linden Blvd,Brooklyn,11208,75,19,718-257-5800,Janet Brown Anderson,jbrownanderson@schools.nyc.gov,Tiffany Taylor,TTaylor3@schools.nyc.gov,,"M, T, W, Th, F",8:00 AM,2:50 PM,,HSE,,,
79Q950,Pathways to Graduation,P2G @ Bedford Stuyvesant Complex,27011,Q950,K458,800000058710,DOE Owned,832 Marcy Ave,Brooklyn,11216,79,13,718-636-5770,Kendra Smith,ksmith33@schools.nyc.gov,Tiffany Taylor,TTaylor3@schools.nyc.gov,,"M, T, W, Th, F",8:00 AM,8:00 PM,,HSE,Y,,
79Q950,Pathways to Graduation,P2G @ Boys & Girls HS,25039; 25157 Evening,Q950,K455,800000084563,DOE Owned,1700 Fulton St,Brooklyn,11213,81,16,718-636-5770,Thomas Mancuso,tmancuso@schools.nyc.gov,Tiffany Taylor,TTaylor3@schools.nyc.gov,,"M, T, W, Th, F",8:00 AM,2:50 PM,,HSE,,,
79Q950,Pathways to Graduation,P2G @ Brooklyn College ,27170,Q950,K555,800000092819,DOE Owned,2900 Bedford Ave,Brooklyn,11210,70,22,,Kendra Smith,ksmith33@schools.nyc.gov,Tiffany Taylor,TTaylor3@schools.nyc.gov,,"M, T, W, Th, F",8:00 AM,2:50 PM,,HSE,,,
79Q950,Pathways to Graduation,P2G @ Brooklyn D.A.'s Office,25173,Q950,KBGI,800000092424,Non-DOE Owned,345 Adams St,Brooklyn,11201,60,13,718-455-4308,Massiel Tejada-Brown,MTejeda3@schools.nyc.gov,Tiffany Taylor,TTaylor3@schools.nyc.gov,,"M, T, W, Th, F",8:00 AM,6:00 PM,,HSE,Y,,
79Q950,Pathways to Graduation,P2G @ Brooklyn Job Corps Academy,29018,Q950,KBJL,800000058798,Non-DOE Owned,585 DeKalb Ave,Brooklyn,11205,60,13,718-623-4050,,,Tiffany Taylor,TTaylor3@schools.nyc.gov,,"M, T, W, Th, F",8:00 AM,2:50 PM,,HSE,,,
79Q950,Pathways to Graduation,P2G @ Edward R. Murrow HS,24035,Q950,K525,800000084564,DOE Owned,1600 Ave L,Brooklyn,11230,70,21,718-258-9283 x1810,Kendra Smith,ksmith33@schools.nyc.gov,Tiffany Taylor,TTaylor3@schools.nyc.gov,,"M, T, W, Th, F",8:00 AM,2:50 PM,,HSE,,,
79Q950,Pathways to Graduation,P2G @ Good Shepherd & ACE,28103,Q950,KCHF,800000091566,Non-DOE Owned,692 Blake Ave,Brooklyn,11207,75,19,718-366-7240 x22120,Janet Brown Anderson,jbrownanderson@schools.nyc.gov,Tiffany Taylor,TTaylor3@schools.nyc.gov,,"M, T, W, Th, F",8:00 AM,2:50 PM,,HSE,,,
79Q950,Pathways to Graduation,P2G @ Linden Learning Center,25146,Q950,K893,800000059414,DOE Owned,1965 Linden Blvd,Brooklyn,11207,75,19,718-649-3400,Janet Brown Anderson,jbrownanderson@schools.nyc.gov,Tiffany Taylor,TTaylor3@schools.nyc.gov,,"M, T, W, Th, F",8:00 AM,2:50 PM,,HSE,,,
79Q950,Pathways to Graduation,P2G @ Opportunities for a Better Tomorrow I,28168,Q950,KBJQ,800000059393,Non-DOE Owned,783 4th Ave,Brooklyn,11232,61,15,718-369-0303,Shawn Davis,sdavis5@schools.nyc.gov,Tiffany Taylor,TTaylor3@schools.nyc.gov,,"M, T, W, Th, F",8:00 AM,2:50 PM,,HSE,,,
79Q950,Pathways to Graduation,P2G @ Red Hook Community Justice Center,28161,Q950,KAUS,800000058827,Non-DOE Owned,88 Visitation Pl,Brooklyn,11231,76,15,718-923-8256,Thomas Mancuso,tmancuso@schools.nyc.gov,Tiffany Taylor,TTaylor3@schools.nyc.gov,,"M, T, W, Th, F",8:00 AM,2:50 PM,,HSE,,,
79Q950,Pathways to Graduation,P2G @ RiseBoro Community Partnership,25145,Q950,K779,800000059413,Tax Levy Lease,1474 Gates Ave,Brooklyn,11237,83,32,718-381-9653,Massiel Tejada-Brown,MTejeda3@schools.nyc.gov,Tiffany Taylor,TTaylor3@schools.nyc.gov,,"M, T, W, Th, F",8:00 AM,2:50 PM,,HSE,,,
79Q950,Pathways to Graduation,P2G @ Schermerhorn St,28190; 25050(PM),Q950,K871,800000075135,Tax Levy Lease,67-69 Schermerhorn St,Brooklyn,11201,84,15,718-935-9457 x2040,Massiel Tejada-Brown,MTejeda3@schools.nyc.gov,Tiffany Taylor,TTaylor3@schools.nyc.gov,,"M, T, W, Th, F",8:00 AM,7:30 PM,,HSE,Y,,
79Q950,Pathways to Graduation,P2G @ South Shore HS Complex,28191,Q950,K515,800000075136,DOE Owned,6565 Flatlands Ave,Brooklyn,11236,69,18,718-968-4118,Shawn Davis,sdavis5@schools.nyc.gov,Tiffany Taylor,TTaylor3@schools.nyc.gov,,"M, T, W, Th, F",8:00 AM,2:50 PM,,HSE,,,
79Q950,Pathways to Graduation,P2G @ YouthBuild IGNITE,25095,Q950,KEBO,800000060473,Non-DOE Owned,276 Chestnut St,Brooklyn,11208,60,13,,Shawn Davis,sdavis5@schools.nyc.gov,Tiffany Taylor,TTaylor3@schools.nyc.gov,,"M, T, W, Th, F",8:00 AM,2:50 PM,,HSE,,,
79Q950,Pathways to Graduation,P2G @ St. Nick's Alliance Workforce Development,25168,Q950,KELM,800000090631,Non-DOE Owned,92 Throop Ave,Brooklyn ,11206,,,718-302-2057,Janet Brown Anderson,jbrownanderson@schools.nyc.gov,Tiffany Taylor,TTaylor3@schools.nyc.gov,Y (Moved),"M, T, W, Th, F",3:30 PM,6:30 PM,,HSE,Y,,
79Q950,Pathways to Graduation,P2G @ Alternative Education Complex,25151,Q950,M827,800000060474,Tax Levy Lease,500 8th Avenue,Manhattan,10018,14,2,212-244-1274,Raven Moore,RMoore19@schools.nyc.gov,Gisele Morgan,gmorgan3@schools.nyc.gov,,"M, T, W, Th, F",8:00 AM,8:00 PM,,HSE,Y,,
79Q950,Pathways to Graduation,P2G @ BMCC,25055,Q950,MAUL,800000091172,Non-DOE Owned,199 Chambers St,Manhattan,10007,6,2,,Eileen Istorico,EIstorico@schools.nyc.gov,Gisele Morgan,gmorgan3@schools.nyc.gov,,"M, T, W, Th, F",8:00 AM,2:50 PM,,HSE,,,
79Q950,Pathways to Graduation,P2G @ Covenant House,25045,Q950,MBFK,310200630021,Non-DOE Owned,460 West 41st St,Manhattan,10036,6,2,212-613-0341,Eileen Istorico,EIstorico@schools.nyc.gov,Gisele Morgan,gmorgan3@schools.nyc.gov,,"M, T, W, Th, F",8:00 AM,7:30 PM,,HSE,Y,,
79Q950,Pathways to Graduation,P2G @ GOSO,28193,Q950,MCBA,800000075134,Non-DOE Owned,201 East 124th St. 2nd Fl,Manhattan,10035,25,5,212-831-5020,Perla Castro,pcastro@schools.nyc.gov,Gisele Morgan,gmorgan3@schools.nyc.gov,,"M, T, W, Th, F",8:00 AM,2:50 PM,,HSE,,,
79Q950,Pathways to Graduation,P2G @ Harlem Renaissance HS,25156,Q950,M911,800000071180,DOE Owned,22 East 128 St,Manhattan,10035,25,5,212-996-3795 x3091,Perla Castro,pcastro@schools.nyc.gov,Gisele Morgan,gmorgan3@schools.nyc.gov,,"M, T, W, Th, F",8:00 AM,2:50 PM,,HSE,,,
79Q950,Pathways to Graduation,P2G @ Independence HS,25175,Q950,M834,800000093157,Tax Levy Lease,850 10th Ave,Manhattan,10019,18,,,Perla Castro,pcastro@schools.nyc.gov,Gisele Morgan,gmorgan3@schools.nyc.gov,,"M, T, W, Th, F",4:00 PM,7:00 PM,,HSE,Y,,
79Q950,Pathways to Graduation,P2G @ Jeffrey C. Tenzer,27056,Q950,M510,800000058722,DOE Owned,198 Forsyth St,Manhattan,10002,5,1,212-673-8254,Yesenia Vargas-Criales,yvargas4@schools.nyc.gov,Gisele Morgan,gmorgan3@schools.nyc.gov,,"M, T, W, Th, F",8:00 AM,2:50 PM,,HSE,,,
79Q950,Pathways to Graduation,P2G @ John Jay College,27174,Q950,MCIR,800000093506,Non-DOE Owned,555 West 57th St,Manhattan,10019,,,,Perla Castro,pcastro@schools.nyc.gov,Gisele Morgan,gmorgan3@schools.nyc.gov,,"M, T, W, Th, F",8:00 AM,2:50 PM,,HSE,,,
79Q950,Pathways to Graduation,P2G @ Project Rousseau,27164,Q950,MCFL,800000092426,Non-DOE Owned,1560 Broadway,Manhattan,10036,,2,,Perla Castro,pcastro@schools.nyc.gov,Gisele Morgan,gmorgan3@schools.nyc.gov,,"M, T, W, Th, F",8:00 AM,2:50 PM,,HSE,,,
79Q950,Pathways to Graduation,P2G @ The Ali Forney Center,27165,Q950,MBIF,800000092427,Non-DOE Owned,307 West 38th St,Manhattan,10018,14,2,,,,Gisele Morgan,gmorgan3@schools.nyc.gov,,"M, T, W, Th, F",8:00 AM,2:50 PM,,HSE,,,
79Q950,Pathways to Graduation,P2G @ The Door ,28091,Q950,MAQL,800000062512,Non-DOE Owned,"555 Broome St, 3rd Fl",Manhattan,10013,6,2,212-941-9090 x3252,Perla Castro,pcastro@schools.nyc.gov,Gisele Morgan,gmorgan3@schools.nyc.gov,,"M, T, W, Th, F",8:00 AM,2:50 PM,,HSE,,,
79Q950,Pathways to Graduation,P2G @ Volunteers of America,27175,Q950,MCIT,800000093507,Non-DOE Owned,3934 Broadway ,Manhattan,10032,,,,Eileen Istorico,EIstorico@schools.nyc.gov,Gisele Morgan,gmorgan3@schools.nyc.gov,,"M, T, W, Th, F",8:00 AM,2:50 PM,,HSE,,,
79Q950,Pathways to Graduation,P2G @ West Side HS,25150,Q950,M506,800000092112,DOE Owned,140 West 102nd St,Manhattan,10025,24,3,,Eileen Istorico,EIstorico@schools.nyc.gov,Gisele Morgan,gmorgan3@schools.nyc.gov,Reactivated,"M, T, W, Th, F",8:00 AM,2:50 PM,,HSE,,,
79Q950,Pathways to Graduation,P2G @ YouthBuild NMIC,25158,Q950,MBLF,800000079811,Non-DOE Owned,45 Wadsworth Ave,Manhattan,10033,13,6,212-833-8359,Perla Castro,pcastro@schools.nyc.gov,Gisele Morgan,gmorgan3@schools.nyc.gov,,"M, T, W, Th, F",8:00 AM,2:50 PM,,HSE,,,
79Q950,Pathways to Graduation,P2G @ Adams Academy ,28159,Q950,Q480,800000058783,DOE Owned,101-01 Rockaway Blvd,Queens,11417,106,27,347-886-1720,Dr. Tashema Spence,TSpence3@schools.nyc.gov,Jeffrey Robbins,jrobbins@schools.nyc.gov,,"M, T, W, Th, F",8:00 AM,2:50 PM,,HSE,,,
79Q950,Pathways to Graduation,P2G @ August Martin HS,27131,Q950,Q400,800000086244,DOE Owned,156-10 Baisley Blvd,Queens,11434,113,27,718-528-2920,Karen Brown,KBrown9@schools.nyc.gov,Jeffrey Robbins,jrobbins@schools.nyc.gov,,"M, T, W, Th, F",8:00 AM,2:50 PM,,HSE,,,
79Q950,Pathways to Graduation,P2G @ Common Point Queens,27176,Q950,QCWR,800000093508,Non-DOE Owned,82-17 Parsons Blvd,Queens,11432,,,,Karen Brown,KBrown9@schools.nyc.gov,Jeffrey Robbins,jrobbins@schools.nyc.gov,,"M, T, W, Th, F",8:00 AM,2:50 PM,,HSE,,,
79Q950,Pathways to Graduation,P2G @ Community Mediation Services,27139,Q950,QBPI,800000089808,Non-DOE Owned,89-64 163rd St,Queens,11432,103,28,718-523-6868,Karen Brown,KBrown9@schools.nyc.gov,Jeffrey Robbins,jrobbins@schools.nyc.gov,,"M, T, W, Th, F",8:00 AM,2:50 PM,,HSE,,,
79Q950,Pathways to Graduation,P2G @ Francis Lewis HS,27145 PM,Q950,Q430,800000089814,DOE Owned,58-20 Utopia Pkwy,Queens,11365,111,26,718-281-8200,Karen Brown,KBrown9@schools.nyc.gov,Jeffrey Robbins,jrobbins@schools.nyc.gov,,"M, T, W, Th, F",4:00 PM,7:00 PM,,HSE,Y,,
79Q950,Pathways to Graduation,P2G @ Grover Cleveland HS,27166,Q950,Q485,800000092423,DOE Owned,21-27 Himrod Street,Queens,11385,104,24,,Yvette Fannell,YFannell@schools.nyc.gov,Jeffrey Robbins,jrobbins@schools.nyc.gov,,"M, T, W, Th, F",8:00 AM,2:50 PM,,HSE,,,
79Q950,Pathways to Graduation,P2G @ Jamaica Hospital Medical Assisting Program,25119,Q950,QCZN,800000059367,Non-DOE Owned,111-20 Merrick Blvd,Queens,11433,,,,Dr. Tashema Spence,TSpence3@schools.nyc.gov,Jeffrey Robbins,jrobbins@schools.nyc.gov,Y (Moved),"M, T, W, Th, F",8:00 AM,2:50 PM,,HSE,,,
79Q950,Pathways to Graduation,P2G @ Jamaica Learning Center,27019,Q950,Q595,800000058714,DOE Owned,162-02 Hillside Ave,Queens,11432,103,28,718-739-2100,Catherine Grechkosey-Pasha,cgrechk@schools.nyc.gov,Jeffrey Robbins,jrobbins@schools.nyc.gov,,"M, T, W, Th, F",8:00 AM,8:00 PM,,HSE,Y,,
79Q950,Pathways to Graduation,P2G @ Pan American International HS PM,27146,Q950,Q744,800000089815,Tax Levy Lease,"45-10 94th St, 3rd Fl",Queens,11373,110,24,718-271-3602,Catherine Grechkosey-Pasha,cgrechk@schools.nyc.gov,Jeffrey Robbins,jrobbins@schools.nyc.gov,,"M, T, W, Th, F",4:00 PM,7:00 PM,,HSE,Y,,
79Q950,Pathways to Graduation,P2G @ Queens Bilingual Scholars Program (Queensborough CC),27150,Q950,QARL,,Non-DOE Owned,222-05 56th Avenue,Queens,11364,111,28,,Catherine Grechkosey-Pasha,cgrechk@schools.nyc.gov,Jeffrey Robbins,jrobbins@schools.nyc.gov,,"W, Th, F",3:30 PM,5:00 PM,,HSE,Y,,
79Q950,Pathways to Graduation,P2G @ Richmond Hill High School,25169,Q950,Q475,800000090633,DOE Owned,89-30 114th St (Entrance on 113th St.),Queens,11418,102,27,718-846-3335,Yvette Fannell,YFannell@schools.nyc.gov,Jeffrey Robbins,jrobbins@schools.nyc.gov,,"M, T, W, Th, F",8:00 AM,2:50 PM,,HSE,,,
79Q950,Pathways to Graduation,P2G @ Workforce Educational Center @ LaGuardia CC,25113,Q950,QBGZ,800000058805,Tax Levy Lease,29-10 Thompson Ave,Queens,11101,108,30,718-482-5399,Dr. Tashema Spence,TSpence3@schools.nyc.gov,Jeffrey Robbins,jrobbins@schools.nyc.gov,,"M, T, W, Th, F",8:00 AM,2:50 PM,,HSE,,,
79Q950,Pathways to Graduation,P2G @ YouthBuild Queens,27157,Q950,QBZY,800000091510,Non-DOE Owned,67-09 Kissena Blvd,Queens,11367,107,25,917-242-5810,Karen Brown,KBrown9@schools.nyc.gov,Jeffrey Robbins,jrobbins@schools.nyc.gov,,"M, T, W, Th, F",8:00 AM,2:50 PM,,HSE,,,
79Q950,Pathways to Graduation,P2G @ College of Staten Island,25108,Q950,RAFZ,800000059361,Non-DOE Owned,2800 Victory Blvd,Staten Island,10314,120,31,,Joseph Baratta,jbaratta2@schools.nyc.gov,Donny Swanson,DSwanson@schools.nyc.gov,,"M, T, W, Th, F",8:00 AM,2:50 PM,,HSE,,,
79Q950,Pathways to Graduation,P2G @ Concord HS,27171,Q950,R470,800000092820,DOE Owned,109 Rhine Ave,Staten Island,10314,120,31,,Joseph Baratta,jbaratta2@schools.nyc.gov,Donny Swanson,DSwanson@schools.nyc.gov,,"M, T, W, Th, F",8:00 AM,2:50 PM,,HSE,,,
79Q950,Pathways to Graduation,P2G @ IMPACT,24012,Q950,RAMV,800000091000,Non-DOE Owned,330 St Marks Pl,Staten Island,10301,120,31,718-273-8414,Joseph Baratta,jbaratta2@schools.nyc.gov,Donny Swanson,DSwanson@schools.nyc.gov,,"M, T, W, Th, F",8:00 AM,2:50 PM,,HSE,,,
79Q950,Pathways to Graduation,P2G @ Sanitation Staten Island,25130,Q950,RAEP,800000059385,Non-DOE Owned,66 Swan St,Staten Island,10301,120,31,,Joseph Baratta,jbaratta2@schools.nyc.gov,Donny Swanson,DSwanson@schools.nyc.gov,,"M, T, W, Th, F",3:30 PM,7:30 PM,,HSE,,,
79Q950,Pathways to Graduation,P2G @ St. George,27038; 25053 PM,Q950,R801,800000058721,Tax Levy Lease,450 St. Marks Pl,Staten Island,10301,120,31,718-273-3225,Joseph Baratta,jbaratta2@schools.nyc.gov,Donny Swanson,DSwanson@schools.nyc.gov,,"M, T, W, Th, F",8:00 AM,8:00 PM,,HSE,Y,,
79Q950,Pathways to Graduation,P2G @ Tottenville HS,25036,Q950,R455,800000084566,DOE Owned,100 Luten Ave,Staten Island,10312,123,31,718-271-3225,Joseph Baratta,jbaratta2@schools.nyc.gov,Donny Swanson,DSwanson@schools.nyc.gov,,"M, T, W, Th, F",3:30 PM,7:30 PM,,HSE,Y,,
79Q950,Pathways to Graduation,P2G Staten Island Referral Center,,Q950,R105,,Tax Levy Lease,365 Bay St,Staten Island,10301,,,,Joseph Baratta,jbaratta2@schools.nyc.gov,Donny Swanson,DSwanson@schools.nyc.gov,,"M, T, W, Th, F",8:00 AM,2:50 PM,,,,,
79M973,ReStart Academy,ReStart Academy @ Adolescent Skills Center I - Bronx,29034,M973,XAUF,800000070127,Non-DOE Owned,"975 Kelly St, Suite 302",Bronx,10459,41,8,718-329-8796,Christina Mcleod,CMcLeod2@schools.nyc.gov,Joan Indart-Etienne,jindart@schools.nyc.gov,,"M, T, W, Th, F",8:00 AM,2:50 PM,,HS/HSE,,,
79M973,ReStart Academy,ReStart Academy @ Promesa Inc.,28074,M973,XALX,800000058765,Non-DOE Owned,311 East 175th St ,Bronx,10457,71,9,718-960-7562,Katherine Ames,KAmes4@schools.nyc.gov,Joan Indart-Etienne,jindart@schools.nyc.gov,,"M, T, W, Th, F",8:00 AM,2:50 PM,,HS/HSE,,,
79M973,ReStart Academy,ReStart Academy @ Seton Residence I,,M973,XAXF,800000090095,Non-DOE Owned,1161 Taylor Ave,Bronx,10472,43,12,718-684-3280,Christina Mcleod,CMcLeod2@schools.nyc.gov,Joan Indart-Etienne,jindart@schools.nyc.gov,,"M, T, W, Th, F",8:00 AM,2:50 PM,,MS/HS,,,
79M973,ReStart Academy,ReStart Academy @ Dynamite Youth Center - Brooklyn,28037,M973,KBJH,800000058752,Non-DOE Owned,1830 Coney Island Ave,Brooklyn,11230,66,21,718-376-7923,Christina Mcleod,CMcLeod2@schools.nyc.gov,Joan Indart-Etienne,jindart@schools.nyc.gov,,"M, T, W, Th, F",8:00 AM,2:50 PM,,HS/HSE,,,
79M973,ReStart Academy,ReStart Academy @ Prospect Heights,,M973,K440,,DOE Owned,883 Classon Ave,Brooklyn,11225,71,17,,Christina Mcleod,CMcLeod2@schools.nyc.gov,Joan Indart-Etienne,jindart@schools.nyc.gov,,"M, T, W, Th, F",8:00 AM,2:50 PM,,Overage MS,,,
79M973,ReStart Academy,ReStart Academy @ CARES,29060,M973,MBIF,,Non-DOE Owned,307 West 38 St,Manhattan,10018,,,,Katherine Ames,KAmes4@schools.nyc.gov,Joan Indart-Etienne,jindart@schools.nyc.gov,,"M, T, W, Th, F",8:35 AM,3:25 AM,,HS,,,
79M973,ReStart Academy,Restart Academy @ Eagle Academy,,M973,M136,,DOE Owned,"6 Edgecombe Ave, 4th Floor",Manhattan,10030,32,,,Katherine Ames,KAmes4@schools.nyc.gov,Joan Indart-Etienne,jindart@schools.nyc.gov,,"M, T, W, Th, F",8:00 AM,2:50 PM,,Overage MS,,,
79M973,ReStart Academy,ReStart Academy @ George Washington Educational Campus,,M973,M465,,DOE Owned,"549 Audubon Ave, Rm 254",Manhattan,10040,34,6,212-342-6110 x2542,Katherine Ames,KAmes4@schools.nyc.gov,Joan Indart-Etienne,jindart@schools.nyc.gov,,"M, T, W, Th, F",8:10 AM,3:10 PM,,Overage MS,,,
79M973,ReStart Academy,Restart Academy @ Lower East Side Preparatory HS,,M973,M025,,DOE Owned,145 Stanton St,Manhattan,10002,7,1,212-406-9411,Christina Mcleod,CMcLeod2@schools.nyc.gov,Joan Indart-Etienne,jindart@schools.nyc.gov,,"M, T, W, Th, F",8:00 AM,2:50 PM,,Overage MS,,,
79M973,ReStart Academy,"ReStart Academy @ Samaritan Village, Ellenville",28085,M973,OAUY,800000036069,Non-DOE Owned,751 Briggs Highway,NA,12428,,,845-647-8006 x3181,Katherine Ames,KAmes4@schools.nyc.gov,Joan Indart-Etienne,jindart@schools.nyc.gov,,"M, T, W, Th, F",8:00 AM,2:50 PM,,HSE,,,
79M973,ReStart Academy,ReStart Academy @ Dynamite Youth Center - Fallsburg,,M973,OAUX,,Non-DOE Owned,"PO Box 547, 5803 Route 42",Out of Borough,12733,Town Of Fallsburg,,845-434-3370,Christina Mcleod,CMcLeod2@schools.nyc.gov,Joan Indart-Etienne,jindart@schools.nyc.gov,,"M, T, W, Th, F",8:10 AM,3:00 PM,,HS/HSE,,,
79M973,ReStart Academy,ReStart Academy @ Adolescent Skills Center II - Queens,29036,M973,QBHI,800000080561,Non-DOE Owned,29-46 Northern Blvd,Queens,11101,114,30,646-738-5131,Christina Mcleod,CMcLeod2@schools.nyc.gov,Joan Indart-Etienne,jindart@schools.nyc.gov,,"M, T, W, Th, F",8:00 AM,2:50 PM,,HS/HSE,,,
79M973,ReStart Academy,ReStart Academy @ August Martin HS ,,M973,Q400,,DOE Owned,156-10 Baisley Blvd,Queens,11434,113,27,,Christina Mcleod,CMcLeod2@schools.nyc.gov,Joan Indart-Etienne,jindart@schools.nyc.gov,,"M, T, W, Th, F",8:00 AM,2:50 PM,,Overage MS,,,
79M973,ReStart Academy,ReStart Academy @ Channel View School for Research,,M973,Q410,,DOE Owned,100-00 Beach Channel Dr,Queens,11694,100,27,718-634-1970 x1312 ,Christina Mcleod,CMcLeod2@schools.nyc.gov,Joan Indart-Etienne,jindart@schools.nyc.gov,,"M, T, W, Th, F",8:00 AM,2:50 AM,,Overage MS,,,
79M973,ReStart Academy,ReStart Academy @ Outreach House,28068,M973,QARD,800000058763,Non-DOE Owned,1614 Weirfield St,Queens,11385,83,24,718-456-7820,Katherine Ames,KAmes4@schools.nyc.gov,Joan Indart-Etienne,jindart@schools.nyc.gov,,"M, T, W, Th, F",8:10 AM,3:10 PM,,MS/HS/HSE,,,
79M331/04M310,The Judith S. Kaye HS,The Judith S. Kaye HS,24010,M310,M646,310400010310,DOE Owned,321 East 96th St,Manhattan,10128,23,4,212-369-8800,Harold Butler,hbutler@schools.nyc.gov,Andrew Brown,abrown192@schools.nyc.gov,,"M, T, W, Th, F",8:30 AM,3:30 PM,,HS/HSE - TS,,,
79M331/04M310,The Judith S. Kaye HS,The Judith S. Kaye HS @ QTC,,M310,Q142,,DOE Owned,142-10 Linden Blvd,Queens,11436,113,28,718-322-3500,Sara Brown,sbrown155@schools.nyc.gov,Andrew Brown,abrown192@schools.nyc.gov,,"M, T, W, Th, F",8:00 AM,3:00 PM,,HS/HSE - TS,,,
79M379,YABC - Bronx/Manhattan/SI,Alfred E. Smith YABC,,M379,X600,800000091634,DOE Owned,333 East 151 St,Bronx,10451,40,7,718-993-1706 x3543,Arleen Milton,amilton2@schools.nyc.gov,Matthew Willoughby,mwilloughby@schools.nyc.gov,,"M, T, W, Th",4:00 PM,8:30 PM,Bronx Haven High School,HS - YABC,Y,,
79M379,YABC - Bronx/Manhattan/SI,C Columbus HS YABC,,M379,X415,,DOE Owned,925 Astor Ave,Bronx,10469,49,11,718-944-3689,Jose Jimenez,jjimenez11@schools.nyc.gov,Matthew Willoughby,mwilloughby@schools.nyc.gov,,"M, T, W, Th",4:00 PM,8:30 PM,Pelham Preparatory Academy,HS - YABC,Y,,
79M379,YABC - Bronx/Manhattan/SI,Dewitt Clinton YABC,,M379,X440,,DOE Owned,100 West Mosholu Pkwy South,Bronx,10468,52,10,718-543-1000 x1024,Raqnel Wint,RWint3@schools.nyc.gov,Matthew Willoughby,mwilloughby@schools.nyc.gov,,"M, T, W, Th",4:00 PM,8:30 PM,Dewitt Clinton HS,HS - YABC,Y,,
79M379,YABC - Bronx/Manhattan/SI,Herbert H. Lehman YABC,,M379,X405,,DOE Owned,3000 East Tremont Ave,Bronx,10461,45,11,718-904-4280,Martin Smallhorne,msmallh@schools.nyc.gov,Matthew Willoughby,mwilloughby@schools.nyc.gov,,"M, T, W, Th",4:00 PM,8:30 PM,Lehman High School,HS - YABC,Y,,
79M379,YABC - Bronx/Manhattan/SI,Kennedy YABC,,M379,X475,,DOE Owned,99 Terrace View Ave,Bronx,10463,50,10,718-817-7400 x6104,Lola Ororia,LOsoria2@schools.nyc.gov,Matthew Willoughby,mwilloughby@schools.nyc.gov,,"M, T, W, Th",4:00 PM,8:30 PM,Bronx Theatre High School,HS - YABC,Y,,
79M379,YABC - Bronx/Manhattan/SI,Monroe Academy YABC,,M379,X420,,DOE Owned,1300 Boynton Ave,Bronx,10472,43,12,718-860-8287,Thomas Lopez,tlopez3@schools.nyc.gov,Matthew Willoughby,mwilloughby@schools.nyc.gov,,"M, T, W, Th",4:00 PM,8:30 PM,Metropolitan Soundview High School ,HS - YABC,Y,,
79M379,YABC - Bronx/Manhattan/SI,Roosevelt YABC,,M379,X435,,DOE Owned,500 East Fordham Rd,Bronx,10458,48,10,,Fatimah Ali,FAli@schools.nyc.gov,Matthew Willoughby,mwilloughby@schools.nyc.gov,,"M, T, W, Th",4:00 PM,8:30 PM,Bronx High School for Law and Community Service,HS - YABC,Y,,
79M379,YABC - Bronx/Manhattan/SI,Stevenson YABC,,M379,X450,,DOE Owned,1980 Lafayette Ave,Bronx,10473,43,8,718-792-8264,Donna Reid,dreid6@schools.nyc.gov,Matthew Willoughby,mwilloughby@schools.nyc.gov,,"M, T, W, Th",4:00 PM,8:30 PM,Bronx Community High School,HS - YABC,Y,,
79M379,YABC - Bronx/Manhattan/SI,George Washington YABC,,M379,M465,,DOE Owned,549 Audubon Ave,Manhattan,10040,34,6,212-927-1841 x634,Samuel Akel,sakel@schools.nyc.gov,Matthew Willoughby,mwilloughby@schools.nyc.gov,,"M, T, W, Th",4:00 PM,8:30 PM,High School for Law and Public Service,HS - YABC,Y,,
79M379,YABC - Bronx/Manhattan/SI,Washington Irving YABC,,M379,M460,800000084269,DOE Owned,40 Irving Pl,Manhattan,10003,13,2,212-674-5000 x11491,Ayorinde Ayetiwa,aayetiw@schools.nyc.gov,Matthew Willoughby,mwilloughby@schools.nyc.gov,,"M, T, W, Th",4:00 PM,8:30 PM,"HS for Language and Diplomacy, Washington Irving Educational Campus",HS - YABC,Y,,
79M379,YABC - Bronx/Manhattan/SI,Staten Island YABC @ Ralph R. McKee Career and Tech HS,,M379,R600,,DOE Owned,101 Belmont Pl,Staten Island,10301,120,31,,Michael Noto,mnoto@schools.nyc.gov,Matthew Willoughby,mwilloughby@schools.nyc.gov,,"M, T, W, Th",4:00 PM,8:30 PM,Concord High School,HS - YABC,Y,,
79M379,YABC - Bronx/Manhattan/SI,Staten Island YABC @ Susan E. Wanger HS,,M379,R460,,DOE Owned,1200 Manor Rd,Staten Island,10314,,31,,Michael Noto,mnoto@schools.nyc.gov,Matthew Willoughby,mwilloughby@schools.nyc.gov,,"M, T, W, Th",4:00 PM,8:30 PM,Susan E. Wanger HS,HS - YABC,Y,,
79K925,YABC - Brooklyn/Queens,Abraham Lincoln YABC,,K925,K410,800000084257,DOE Owned,2800 Ocean Pkwy,Brooklyn,11235,60,21,718-333-7455,Neal Reich,nreich@schools.nyc.gov,Dawn Harris,dharris12@schools.nyc.gov,,"M, T, W, Th",4:00 PM,8:30 PM,Abraham Lincoln High School,HS - YABC,Y,,
79K925,YABC - Brooklyn/Queens,Boys and Girls YABC,,K925,K455,,DOE Owned,1700 Fulton St,Brooklyn,11213,81,16,718-467-1700 x3570,Horacio Burrowes,hburrowesiii@schools.nyc.gov,Dawn Harris,dharris12@schools.nyc.gov,,"M, T, W, Th",4:00 PM,8:30 PM,Boys & Girls High School,HS - YABC,Y,,
79K925,YABC - Brooklyn/Queens,Downtown Brooklyn YABC,,K925,K580,,DOE Owned,105 Tech Pl,Brooklyn,11201,84,13,718-222-0913,Jennifer Huguley,JHugule@schools.nyc.gov,Dawn Harris,dharris12@schools.nyc.gov,,"M, T, W, Th",4:00 PM,8:30 PM,George Westinghouse Career and Technical Education High School,HS - YABC,Y,,
79K925,YABC - Brooklyn/Queens,Franklin Delano Roosevelt YABC,,K925,K505,,DOE Owned,5800 20 Ave,Brooklyn,11204,66,20,718-621-8932,Michael Ragucci,mragucc2@schools.nyc.gov,Dawn Harris,dharris12@schools.nyc.gov,,"M, T, W, Th",4:00 PM,8:30 PM,Franklin D. Roosevelt High School,HS - YABC,Y,,
79K925,YABC - Brooklyn/Queens,Franklin K. Lane YABC,,K925,K420,,DOE Owned,999 Jamaica Ave,Brooklyn,11208,75,19,718-647-2100 x3330,TBD,TBD,Dawn Harris,dharris12@schools.nyc.gov,,"M, T, W, Th",4:00 PM,8:30 PM,Academy of Innovative Technology High School,HS - YABC,Y,,
79K925,YABC - Brooklyn/Queens,Prospect Heights HS YABC,,K925,K440,,DOE Owned,883 Classon Ave,Brooklyn,11225,71,17,,Mervyn Roach,mroach3@schools.nyc.gov,Dawn Harris,dharris12@schools.nyc.gov,,"M, T, W, Th",4:00 PM,8:30 PM,Prospect Heights HS,HS - YABC,Y,,
79K925,YABC - Brooklyn/Queens,South Shore YABC,,K925,K515,800000091633,DOE Owned,6565 Flatlands Ave,Brooklyn,11236,69,18,718-968-1689,Stephanie Samuel,SSamuel4@schools.nyc.gov,Dawn Harris,dharris12@schools.nyc.gov,,"M, T, W, Th",4:00 PM,8:30 PM,Brooklyn Bridge Academy,HS - YABC,Y,,
79K925,YABC - Brooklyn/Queens,Thomas Jefferson YABC,,K925,K435,,DOE Owned,400 Pennsylvania Ave,Brooklyn,11207,75,19,718-922-0762 x1302,Nicola Anderson ,NAnderson9@schools.nyc.gov,Dawn Harris,dharris12@schools.nyc.gov,,"M, T, W, Th",4:00 PM,8:30 PM,Performing Arts and Technology High School,HS - YABC,Y,,
79K925,YABC - Brooklyn/Queens,Flushing YABC,,K925,Q460,,DOE Owned,35-01 Union St,Queens,11354,109,25,718-888-7500 x6100,James Petty,jpetty@schools.nyc.gov,Dawn Harris,dharris12@schools.nyc.gov,,"M, T, W, Th",4:00 PM,8:30 PM,Flushing High School,HS - YABC,Y,,
79K925,YABC - Brooklyn/Queens,Grover Cleveland HS YABC,,K925,Q485,,DOE Owned,21-27 Himrod St,Queens,11385,104,24,718-381-9600 x3391,Michael Pollicino,mpollic@schools.nyc.gov,Dawn Harris,dharris12@schools.nyc.gov,,"M, T, W, Th",4:00 PM,8:30 PM,Grover Cleveland HS,HS - YABC,Y,,
79K925,YABC - Brooklyn/Queens,H.S. Arts & Business YABC,,K925,Q456,,DOE Owned,105-25 Horace Harding Expy N,Queens,11368,110,24,718-271-8383 x302,Dalia Espinosa ,DEspinosa6@schools.nyc.gov,Dawn Harris,dharris12@schools.nyc.gov,,"M, T, W, Th",4:00 PM,8:30 PM,High School for Arts & Business ,HS - YABC,Y,,
79K925,YABC - Brooklyn/Queens,John Adams YABC,,K925,Q480,,DOE Owned,101-01 Rockaway Blvd,Queens,11417,106,27,718-322-0581,John-Thomas Mazzocchi,jmazzoc@schools.nyc.gov,Dawn Harris,dharris12@schools.nyc.gov,,"M, T, W, Th",4:00 PM,8:30 PM, John Adams High School,HS - YABC,Y,,
